tweet_id,retweet_count,favorite_count,followers_count
892420643555336193,6854,32831,32831
892177421306343426,5166,28381,28381
891815181378084864,3406,21307,21307
891689557279858688,7063,35791,35791
891327558926688256,7571,34211,34211
891087950875897856,2541,17226,17226
890971913173991426,1615,10042,10042
890729181411237888,15398,55211,55211
890609185150312448,3546,23757,23757
890240255349198849,5961,27088,27088
890006608113172480,6007,26230,26230
889880896479866881,4057,23774,23774
889665388333682689,8169,40810,40810
889638837579907072,3639,22974,22974
889531135344209921,1848,12946,12946
889278841981685760,4345,21391,21391
888917238123831296,3677,24849,24849
888804989199671297,3453,21775,21775
888554962724278272,2830,16811,16811
888078434458587136,2834,18523,18523
887705289381826560,4425,25773,25773
887517139158093824,9602,39415,39415
887473957103951883,14701,58479,58479
887343217045368832,8571,28670,28670
887101392804085760,4872,26102,26102
886983233522544640,6168,29471,29471
886736880519319552,2566,10194,10194
886680336477933568,3658,19116,19116
886366144734445568,2560,17980,17980
886267009285017600,4,101,101
886258384151887873,5150,23791,23791
886054160059072513,90,0,0
885984800019947520,5493,27783,27783
885528943205470208,5213,30644,30644
885518971528720385,3042,17355,17355
885311592912609280,15107,0,0
885167619883638784,3591,18655,18655
884925521741709313,14652,65386,65386
884876753390489601,4562,23639,23639
884562892145688576,3807,20654,20654
884441805382717440,4698,23082,23082
884247878851493888,16564,61715,61715
884162670584377345,2445,17378,17378
883838122936631299,2792,18539,18539
883482846933004288,8076,38938,38938
883360690899218434,3009,19326,19326
883117836046086144,5419,31552,31552
882992080364220416,3177,20368,20368
882762694511734784,4014,24060,24060
882627270321602560,4953,23841,23841
882268110199369728,9379,38119,38119
882045870035918850,3986,24921,24921
881906580714921986,2778,20774,20774
881666595344535552,8735,43165,43165
881633300179243008,8,112,112
881536004380872706,13095,42115,42115
881268444196462592,4364,19794,19794
880935762899988482,2274,14533,14533
880872448815771648,3142,18142,18142
880465832366813184,5103,24298,24298
880221127280381952,3391,22939,22939
880095782870896641,3567,23530,23530
879862464715927552,2862,19094,19094
879674319642796034,9,280,280
879492040517615616,2571,20049,20049
879415818425184262,36598,90240,90240
879376492567855104,2599,14414,14414
879130579576475649,5595,0,0
879050749262655488,3854,19192,19192
879008229531029506,2196,16259,16259
878776093423087618,3352,16553,16553
878604707211726852,5785,25656,25656
878404777348136964,1049,0,0
878316110768087041,5411,0,0
878281511006478336,1049,6571,6571
878057613040115712,5595,35829,35829
877736472329191424,15472,67300,67300
877556246731214848,3089,19280,19280
877316821321428993,4251,23439,23439
877201837425926144,4523,23160,23160
876838120628539392,2743,17645,17645
876537666061221889,3871,20285,20285
876484053909872640,1957,16053,16053
876120275196170240,3826,23890,23890
875747767867523072,3505,21428,21428
875144289856114688,4074,18842,18842
875097192612077568,4980,23464,23464
875021211251597312,3876,21822,21822
874680097055178752,3827,23777,23777
874434818259525634,11970,0,0
874296783580663808,3401,22267,22267
874057562936811520,3297,19392,19392
874012996292530176,8402,29177,29177
873580283840344065,3268,20706,20706
873337748698140672,1301,0,0
873213775632977920,1301,6128,6128
872967104147763200,4462,23341,23341
872820683541237760,3088,12685,12685
872620804844003328,2995,17697,17697
872486979161796608,7493,34916,34916
872122724285648897,6672,29319,29319
871879754684805121,9067,32054,32054
871762521631449091,2908,17321,17321
871515927908634625,2876,17333,17333
871166179821445120,4779,0,0
871102520638267392,4560,17998,17998
871032628920680449,3160,19558,19558
870804317367881728,5162,28880,28880
870726314365509632,3,101,101
870656317836468226,2150,10541,10541
870374049280663552,22050,71194,71194
870308999962521604,3475,18873,18873
870063196459192321,6928,31464,31464
869772420881756160,8450,36677,36677
869702957897576449,5286,24267,24267
869596645499047938,2578,13697,13697
869227993411051520,3135,17584,17584
868880397819494401,11994,56301,56301
868639477480148993,1706,0,0
868622495443632128,4367,22900,22900
868552278524837888,1706,8655,8655
867900495410671616,3493,20940,20940
867774946302451713,6121,29398,29398
867421006826221569,2079,13886,13886
867072653475098625,99,0,0
867051520902168576,6654,27872,27872
866720684873056260,4052,17331,17331
866686824827068416,2906,16634,16634
866450705531457537,29504,105603,105603
866334964761202691,11970,45262,45262
866094527597207552,7019,0,0
865718153858494464,4713,22193,22193
865359393868664832,4194,22892,22892
865006731092295680,6522,24298,24298
864873206498414592,7324,27945,27945
864279568663928832,2518,12655,12655
864197398364647424,7406,25916,25916
863907417377173506,3521,17886,17886
863553081350529029,3566,13255,13255
863471782782697472,2039,0,0
863432100342583297,4468,20619,20619
863427515083354112,80,1917,1917
863079547188785154,934,7690,7690
863062471531167744,2039,7298,7298
862831371563274240,4356,16720,16720
862722525377298433,3024,14877,14877
862457590147678208,4153,17754,17754
862096992088072192,19582,64514,64514
861383897657036800,9074,31415,31415
861288531465048066,3508,14913,14913
861005113778896900,3258,14519,14519
860981674716409858,1819,0,0
860924035999428608,660,0,0
860563773140209665,1819,6525,6525
860524505164394496,4489,20560,20560
860276583193509888,2993,16003,16003
860184849394610176,5000,14550,14550
860177593139703809,26084,0,0
859924526012018688,3490,17041,17041
859851578198683649,3007,13545,13545
859607811541651456,1346,16322,16322
859196978902773760,25709,78250,78250
859074603037188101,11734,29620,29620
858860390427611136,6931,0,0
858843525470990336,2966,13749,13749
858471635011153920,4176,18912,18912
858107933456039936,2479,13820,13820
857989990357356544,2220,14040,14040
857746408056729600,9150,29952,29952
857393404942143489,1409,5155,5155
857263160327368704,3895,17768,17768
857214891891077121,16,198,198
857062103051644929,142,0,0
857029823797047296,3427,16619,16619
856543823941562368,2491,14357,14357
856526610513747968,1615,10483,10483
856288084350160898,14,472,472
856282028240666624,5465,24537,24537
855862651834028034,21,293,293
855860136149123072,841,4286,4286
855857698524602368,1811,10517,10517
855851453814013952,15596,40253,40253
855818117272018944,4698,23562,23562
855459453768019968,7157,26363,26363
855245323840757760,5147,0,0
855138241867124737,36,0,0
854732716440526848,5242,20108,20108
854482394044301312,5903,25828,25828
854365224396361728,4054,16685,16685
854120357044912130,6454,28304,28304
854010172552949760,2743,14348,14348
853760880890318849,5027,25303,25303
853639147608842240,8686,30700,30700
853299958564483072,3111,13713,13713
852936405516943360,1755,0,0
852912242202992640,1554,7985,7985
852672615818899456,1870,13211,13211
852553447878664193,3051,14449,14449
852311364735569921,8671,29448,29448
852226086759018497,5946,17800,17800
852189679701164033,1395,10231,10231
851591660324737024,3058,14517,14517
851464819735769094,6167,21615,21615
851224888060895234,5050,18467,18467
850753642995093505,7941,27370,27370
850380195714523136,2280,11675,11675
850333567704068097,298,3092,3092
850145622816686080,3324,14596,14596
850019790995546112,4286,18207,18207
849776966551130114,6678,27075,27075
849668094696017920,4346,0,0
849412302885593088,2773,14232,14232
849336543269576704,1651,10224,10224
849051919805034497,7448,37754,37754
848690551926992896,3852,22525,22525
848324959059550208,4076,22156,22156
848213670039564288,633,7293,7293
848212111729840128,2659,14564,14564
847978865427394560,2848,0,0
847971574464610304,383,0,0
847962785489326080,4485,21129,21129
847842811428974592,1167,4889,4889
847617282490613760,372,6240,6240
847606175596138505,3021,16841,16841
847251039262605312,3831,18392,18392
847157206088847362,5124,17793,17793
847116187444137987,2819,19230,19230
846874817362120707,3481,18097,18097
846514051647705089,10176,39946,39946
846505985330044928,2703,12632,12632
846153765933735936,7994,28317,28317
846139713627017216,8941,27943,27943
846042936437604353,2534,14377,14377
845812042753855489,7704,26238,26238
845677943972139009,4293,22704,22704
845397057150107648,1582,6873,6873
845306882940190720,4757,21016,21016
845098359547420673,6793,0,0
844979544864018432,2280,12327,12327
844973813909606400,2795,13557,13557
844580511645339650,2765,14816,14816
844223788422217728,1960,12327,12327
843981021012017153,2650,13702,13702
843856843873095681,4091,19372,19372
843604394117681152,2433,15267,15267
843235543001513987,5283,19399,19399
842846295480000512,3234,13819,13819
842765311967449089,1157,6119,6119
842535590457499648,3095,16367,16367
842163532590374912,5147,22082,22082
842115215311396866,2691,12666,12666
841833993020538882,13301,0,0
841680585030541313,6992,23305,23305
841439858740625411,3227,11359,11359
841320156043304961,4917,17880,17880
841314665196081154,4156,14315,14315
841077006473256960,4779,20620,20620
840761248237133825,1583,0,0
840728873075638272,14357,0,0
840698636975636481,2,155,155
840696689258311684,868,11140,11140
840632337062862849,1583,8175,8175
840370681858686976,4078,14869,14869
840268004936019968,5097,17379,17379
839990271299457024,2019,12166,12166
839549326359670784,6931,24863,24863
839290600511926273,128,0,0
839239871831150596,5811,24535,24535
838952994649550848,3587,17854,17854
838921590096166913,1816,10101,10101
838916489579200512,29,0,0
838831947270979586,9804,0,0
838561493054533637,1204,9895,9895
838476387338051585,4278,20414,20414
838201503651401729,9004,0,0
838150277551247360,295,1531,1531
838085839343206401,0,127,127
838083903487373313,2795,15996,15996
837820167694528512,7019,30920,30920
837482249356513284,397,3488,3488
837471256429613056,2029,11625,11625
837110210464448512,2141,14599,14599
836989968035819520,2072,11600,11600
836753516572119041,4168,17581,17581
836677758902222849,1975,11492,11492
836648853927522308,496,0,0
836397794269200385,24580,0,0
836380477523124226,2688,13471,13471
836260088725786625,3898,19322,19322
836001077879255040,3820,17362,17362
835685285446955009,7267,0,0
835574547218894849,3235,16160,16160
835536468978302976,1519,0,0
835309094223372289,18723,0,0
835297930240217089,2681,14938,14938
835264098648616962,1519,7014,7014
835246439529840640,63,1946,1946
835172783151792128,5194,23832,23832
835152434251116546,2697,20361,20361
834931633769889797,1460,9799,9799
834786237630337024,4994,19574,19574
834574053763584002,2268,12437,12437
834477809192075265,9562,0,0
834458053273591808,1513,8769,8769
834209720923721728,4247,18704,18704
834167344700198914,3284,14357,14357
834089966724603904,1923,9159,9159
834086379323871233,1996,11867,11867
833863086058651648,2160,12238,12238
833826103416520705,3427,16596,16596
833732339549220864,199,0,0
833722901757046785,2940,19067,19067
833479644947025920,1846,13602,13602
833124694597443584,4346,18403,18403
832998151111966721,1957,12060,12060
832769181346996225,37,0,0
832757312314028032,3250,15352,15352
832682457690300417,2601,10825,10825
832645525019123713,473,2647,2647
832636094638288896,2495,14438,14438
832397543355072512,1996,10874,10874
832369877331693569,2848,15557,15557
832273440279240704,2093,10289,10289
832215909146226688,5604,0,0
832215726631055365,8417,0,0
832088576586297345,2,56,56
832040443403784192,8629,0,0
832032802820481025,4191,16184,16184
831939777352105988,5526,21818,21818
831926988323639298,33,311,311
831911600680497154,5844,25104,25104
831670449226514432,1656,9480,9480
831650051525054464,1755,6463,6463
831552930092285952,2114,8214,8214
831322785565769729,1406,8478,8478
831315979191906304,1012,6007,6007
831309418084069378,2206,10736,10736
831262627380748289,1854,10824,10824
830956169170665475,1355,7279,7279
830583320585068544,15107,60719,60719
830173239259324417,5135,0,0
830097400375152640,2636,8882,8882
829878982036299777,4491,0,0
829861396166877184,1761,11150,11150
829501995190984704,9562,29016,29016
829449946868879360,1824,9602,9602
829141528400556032,6636,22255,22255
829011960981237760,14634,48496,48496
828801551087042563,3087,0,0
828770345708580865,5269,23326,23326
828708714936930305,10090,33235,33235
828650029636317184,1210,8672,8672
828409743546925057,1059,5853,5853
828408677031882754,1162,7040,7040
828381636999917570,2016,11495,11495
828376505180889089,970,6779,6779
828372645993398273,2666,11505,11505
828361771580813312,161,2012,2012
828046555563323392,2601,10737,10737
828011680017821696,1949,9459,9459
827933404142436356,4721,18308,18308
827653905312006145,2732,14118,14118
827600520311402496,856,6858,6858
827324948884643840,2751,14514,14514
827199976799354881,2015,9704,9704
826958653328592898,4491,19695,19695
826848821049180160,9155,33025,33025
826615380357632002,3603,0,0
826598799820865537,225,4707,4707
826598365270007810,2137,9180,9180
826476773533745153,3819,16867,16867
826240494070030336,2373,12136,12136
826204788643753985,842,4462,4462
826115272272650244,2804,14300,14300
825876512159186944,1705,9614,9614
825829644528148480,2282,11664,11664
825535076884762624,15867,52003,52003
825147591692263424,4090,16725,16725
825120256414846976,1154,0,0
825026590719483904,1154,5736,5736
824796380199809024,4988,0,0
824775126675836928,3202,13647,13647
824663926340194305,1619,9657,9657
824325613288833024,9614,10850,10850
824297048279236611,3489,13844,13844
824025158776213504,539,4389,4389
823939628516474880,2480,9747,9747
823719002937630720,10147,0,0
823699002998870016,2262,12696,12696
823581115634085888,2392,11861,11861
823333489516937216,20,641,641
823322678127919110,3640,14383,14383
823269594223824897,9035,0,0
822975315408461824,3122,15874,15874
822872901745569793,38976,120339,120339
822859134160621569,2070,12063,12063
822647212903690241,5837,0,0
822610361945911296,2665,13561,13561
822489057087389700,5837,16627,16627
822462944365645825,12906,25709,25709
822244816520155136,9035,32154,32154
822163064745328640,4286,0,0
821886076407029760,2098,10350,10350
821813639212650496,3055,0,0
821765923262631936,1535,7667,7667
821522889702862852,1605,7353,7353
821421320206483457,5031,0,0
821407182352777218,3923,10815,10815
821153421864615936,8,229,229
821149554670182400,1791,7885,7885
821107785811234820,1922,8772,8772
821044531881721856,2079,11575,11575
820837357901512704,6110,0,0
820749716845686786,9004,28924,28924
820690176645140481,2949,11264,11264
820494788566847489,516,0,0
820446719150292993,2355,0,0
820314633777061888,516,3066,3066
820078625395449857,5660,18112,18112
820013781606658049,1063,0,0
819952236453363712,1063,4880,4880
819924195358416896,4448,11900,11900
819711362133872643,2800,12217,12217
819588359383371776,1834,8849,8849
819347104292290561,1100,6632,6632
819238181065359361,373,2065,2065
819227688460238848,6110,21161,21161
819015337530290176,33795,0,0
819015331746349057,17413,0,0
819006400881917954,17413,41857,41857
819004803107983360,33795,80450,80450
818646164899774465,19024,0,0
818627210458333184,6915,20649,20649
818614493328580609,2311,9038,9038
818588835076603904,5574,0,0
818536468981415936,2225,9958,9958
818307523543449600,7310,0,0
818259473185828864,2032,10119,10119
818145370475810820,2321,11287,11287
817908911860748288,723,4479,4479
817827839487737858,24580,47417,47417
817777686764523521,2470,9934,9934
817536400337801217,2679,10839,10839
817502432452313088,3064,0,0
817423860136083457,13301,31033,31033
817415592588222464,871,5161,5161
817181837579653120,7705,0,0
817171292965273600,1824,8049,8049
817120970343411712,2361,11205,11205
817056546584727552,1488,7909,7909
816829038950027264,4293,0,0
816816676327063552,1860,9221,9221
816697700272001025,2004,8982,8982
816450570814898180,7310,27929,27929
816336735214911488,1763,7946,7946
816091915477250048,1953,8268,8268
816062466425819140,922,0,0
816014286006976512,4776,0,0
815990720817401858,922,4560,4560
815966073409433600,7705,20597,20597
815745968457060357,3778,0,0
815736392542261248,2078,9041,9041
815639385530101762,1524,7556,7556
815390420867969024,3490,9540,9540
814986499976527872,1173,7055,7055
814638523311648768,2478,10402,10402
814578408554463233,5332,0,0
814530161257443328,1715,8026,8026
814153002265309185,7924,26567,26567
813944609378369540,2905,0,0
813910438903693312,1711,8587,8587
813812741911748608,12723,33611,33611
813800681631023104,1611,7664,7664
813217897535406080,6717,17202,17202
813202720496779264,1668,8535,8535
813187593374461952,3962,18271,18271
813172488309972993,1775,8550,8550
813157409116065792,2026,7152,7152
813142292504645637,2199,7836,7836
813130366689148928,411,4133,4133
813127251579564032,2870,10936,10936
813112105746448384,2519,9535,9535
813096984823349248,3317,9717,9717
813081950185472002,2551,9168,9168
813066809284972545,1797,7354,7354
813051746834595840,6694,19399,19399
812781120811126785,1758,6962,6962
812709060537683968,1330,6095,6095
812503143955202048,1125,5569,5569
812466873996607488,1770,7357,7357
812372279581671427,3358,12582,12582
811985624773361665,1288,6724,6724
811744202451197953,1440,6975,6975
811647686436880384,670,5159,5159
811627233043480576,2789,11748,11748
811386762094317568,5858,19284,19284
810984652412424192,1300,4906,4906
810896069567610880,1605,8297,8297
810657578271330305,2414,10129,10129
810284430598270976,10300,32415,32415
810254108431155201,3087,13514,13514
809920764300447744,3603,14328,14328
809808892968534016,4491,0,0
809448704142938112,1339,6430,6430
809220051211603969,5135,18327,18327
809084759137812480,3216,12181,12181
808838249661788160,2802,9357,9357
808733504066486276,1995,7297,7297
808501579447930884,2416,10451,10451
808344865868283904,19024,39195,39195
808134635716833280,5394,0,0
808106460588765185,2023,8149,8149
808001312164028416,3242,11517,11517
807621403335917568,3322,13466,13466
807106840509214720,50497,108647,108647
807059379405148160,6735,0,0
807010152071229440,3527,12069,12069
806629075125202948,31699,68668,68668
806620845233815552,5027,0,0
806576416489959424,1767,4517,4517
806542213899489280,2178,9464,9464
806242860592926720,10655,0,0
806219024703037440,1103,5959,5959
805958939288408065,4915,0,0
805932879469572096,1764,7653,7653
805826884734976000,1686,6073,6073
805823200554876929,7312,0,0
805520635690676224,1515,5334,5334
805487436403003392,2330,8094,8094
805207613751304193,1589,7267,7267
804738756058218496,3526,12580,12580
804475857670639616,1837,5672,5672
804413760345620481,2945,0,0
804026241225523202,14717,41049,41049
803773340896923648,2537,9291,9291
803692223237865472,6746,0,0
803638050916102144,3809,10116,10116
803380650405482500,1736,7168,7168
803321560782307329,4857,0,0
803276597545603072,2255,9266,9266
802952499103731712,1830,8359,8359
802624713319034886,2680,0,0
802600418706604034,1357,6577,6577
802572683846291456,2307,8270,8270
802323869084381190,5364,14912,14912
802265048156610565,1269,6428,6428
802239329049477120,2398,8415,8415
802185808107208704,245,0,0
801958328846974976,1558,7167,7167
801854953262350336,217,1686,1686
801538201127157760,1911,7590,7590
801285448605831168,761,5593,5593
801167903437357056,5394,22436,22436
801127390143516673,3628,0,0
801115127852503040,1952,7454,7454
800859414831898624,89,638,638
800855607700029440,1489,0,0
800751577355128832,2578,9826,9826
800513324630806528,2758,12102,12102
800459316964663297,2019,8787,8787
800443802682937345,3943,0,0
800388270626521089,2586,10288,10288
800188575492947969,3595,0,0
800141422401830912,2355,14144,14144
800018252395122689,12035,26213,26213
799774291445383169,4274,0,0
799757965289017345,1973,7736,7736
799422933579902976,1754,7447,7447
799308762079035393,4981,0,0
799297110730567681,2501,9126,9126
799063482566066176,2297,7475,7475
798933969379225600,4074,12086,12086
798925684722855936,1330,6939,6939
798705661114773508,6087,0,0
798701998996647937,7073,0,0
798697898615730177,5957,0,0
798694562394996736,4542,0,0
798686750113755136,2136,0,0
798682547630837760,4334,0,0
798673117451325440,5105,0,0
798665375516884993,3612,0,0
798644042770751489,1712,0,0
798628517273620480,1831,0,0
798585098161549313,5152,0,0
798576900688019456,5359,0,0
798340744599797760,3075,0,0
798209839306514432,2382,9657,9657
797971864723324932,2839,10670,10670
797545162159308800,4537,13447,13447
797236660651966464,6037,18446,18446
797165961484890113,24,208,208
796904159865868288,8172,0,0
796865951799083009,1803,7107,7107
796759840936919040,2771,10882,10882
796563435802726400,6568,0,0
796484825502875648,1614,6974,6974
796387464403357696,3808,10160,10160
796177847564038144,13069,0,0
796149749086875649,13069,29684,29684
796125600683540480,1636,4593,4593
796116448414461957,2205,8384,8384
796080075804475393,2123,7772,7772
796031486298386433,3415,9962,9962
795464331001561088,21505,45595,45595
795400264262053889,2634,9274,9274
795076730285391872,4988,14923,14923
794983741416415232,3105,0,0
794926597468000259,2118,9397,9397
794355576146903043,9479,0,0
794332329137291264,2485,8870,8870
794205286408003585,3049,8526,8526
793962221541933056,4491,15479,15479
793845145112371200,1712,8502,8502
793614319594401792,2852,0,0
793601777308463104,1495,7362,7362
793500921481273345,2187,9811,9811
793286476301799424,8417,22659,22659
793271401113350145,2211,7997,7997
793256262322548741,7637,18425,18425
793241302385262592,3010,9687,9687
793226087023144960,2672,9048,9048
793210959003287553,2557,8210,8210
793195938047070209,5189,14069,14069
793180763617361921,1828,6381,6381
793165685325201412,2589,8653,8653
793150605191548928,1556,5668,5668
793135492858580992,2297,5936,5936
793120401413079041,3599,11700,11700
792913359805018113,3639,13199,13199
792883833364439040,3918,10385,10385
792773781206999040,1545,6784,6784
792394556390137856,3936,12365,12365
792050063153438720,1640,6586,6586
791821351946420224,19243,0,0
791784077045166082,8694,0,0
791780927877898241,3483,0,0
791774931465953280,20311,41674,41674
791672322847637504,2852,10790,10790
791406955684368384,3778,12127,12127
791312159183634433,2310,8073,8073
791026214425268224,3719,0,0
790987426131050500,1946,9031,9031
790946055508652032,4293,15403,15403
790723298204217344,2101,0,0
790698755171364864,1765,7581,7581
790581949425475584,6514,19064,19064
790337589677002753,1736,7203,7203
790277117346975746,2905,11528,11528
790227638568808452,3237,0,0
789986466051088384,2101,8570,8570
789960241177853952,3727,0,0
789903600034189313,3795,9504,9504
789628658055020548,1603,6887,6887
789599242079838210,1754,6207,6207
789530877013393408,3105,10791,10791
789314372632018944,2092,7963,7963
789280767834746880,4492,0,0
789268448748703744,2392,8418,8418
789137962068021249,2551,8948,8948
788908386943430656,11399,25266,25266
788765914992902144,9479,25186,25186
788552643979468800,6512,0,0
788412144018661376,4836,14328,14328
788178268662984705,1947,6706,6706
788150585577050112,1177,5646,5646
788070120937619456,3159,0,0
788039637453406209,1200,5621,5621
787810552592695296,2788,7915,7915
787717603741622272,2526,9419,9419
787397959788929025,2605,10016,10016
787322443945877504,1602,7182,7182
787111942498508800,6179,0,0
786963064373534720,7267,24513,24513
786729988674449408,2215,0,0
786709082849828864,5604,16846,16846
786664955043049472,2310,9768,9768
786595970293370880,2854,8702,8702
786363235746385920,3147,10016,10016
786286427768250368,2603,7366,7366
786233965241827333,4286,13970,13970
786051337297522688,143,1322,1322
786036967502913536,6371,0,0
785927819176054784,2922,10463,10463
785872687017132033,1641,6149,6149
785639753186217984,2067,7205,7205
785533386513321988,1797,8310,8310
785515384317313025,1133,5620,5620
785264754247995392,1489,6723,6723
785170936622350336,4390,11048,11048
784826020293709826,2945,9303,9303
784517518371221505,2312,8265,8265
784431430411685888,1160,5293,5293
784183165795655680,7312,18431,18431
784057939640352768,10147,27304,27304
783839966405230592,9804,27563,27563
783821107061198850,1791,6797,6797
783695101801398276,2928,9600,9600
783466772167098368,2037,7734,7734
783391753726550016,4996,15560,15560
783347506784731136,5038,0,0
783334639985389568,10655,26764,26764
783085703974514689,1982,7513,7513
782969140009107456,6735,22170,22170
782747134529531904,1290,6884,6884
782722598790725632,4915,15860,15860
782598640137187329,1735,7164,7164
782305867769217024,5031,15280,15280
782021823840026624,5596,0,0
781955203444699136,3070,10268,10268
781661882474196992,2468,9595,9595
781655249211752448,1032,3673,3673
781524693396357120,5027,19001,19001
781308096455073793,2340,6555,6555
781251288990355457,1889,7675,7675
781163403222056960,2522,8974,8974
780931614150983680,6568,19861,19861
780858289093574656,1824,6580,6580
780800785462489090,1176,5034,5034
780601303617732608,3055,11042,11042
780543529827336192,1599,5803,5803
780496263422808064,3351,0,0
780476555013349377,103,0,0
780459368902959104,981,4854,4854
780192070812196864,2038,7987,7987
780092040432480260,2080,0,0
780074436359819264,4480,11113,11113
779834332596887552,6371,17251,17251
779377524342161408,2818,8017,8017
779124354206535695,16694,0,0
779056095788752897,4128,13528,13528
778990705243029504,6532,18271,18271
778774459159379968,8938,0,0
778764940568104960,328,797,797
778748913645780993,1180,6269,6269
778650543019483137,1366,5264,5264
778624900596654080,925,4219,4219
778408200802557953,3932,12538,12538
778396591732486144,11072,0,0
778383385161035776,999,5342,5342
778286810187399168,2994,9460,9460
778039087836069888,2405,7786,7786
778027034220126208,1458,6002,6002
777953400541634568,3186,0,0
777885040357281792,1482,5814,5814
777684233540206592,2680,10304,10304
777641927919427584,3844,0,0
777621514455814149,2299,7989,7989
777189768882946048,3894,12952,12952
776819012571455488,12290,0,0
776813020089548800,1098,4487,4487
776477788987613185,2504,8015,8015
776249906839351296,8271,0,0
776218204058357768,14395,27403,27403
776201521193218049,2285,8777,8777
776113305656188928,3943,10787,10787
776088319444877312,140,1674,1674
775898661951791106,15219,0,0
775842724423557120,2406,10710,10710
775733305207554048,3628,12667,12667
775729183532220416,4183,11896,11896
775364825476165632,2663,6775,6775
775350846108426240,3537,9297,9297
775085132600442880,4274,14229,14229
774757898236878852,1617,7888,7888
774639387460112384,1571,6190,6190
774314403806253056,4981,19965,19965
773985732834758656,3512,9888,9888
773922284943896577,1589,5895,5895
773704687002451968,1463,6051,6051
773670353721753600,1195,4909,4909
773547596996571136,5574,20228,20228
773336787167145985,4545,0,0
773308824254029826,6793,21310,21310
773247561583001600,2945,8624,8624
773191612633579521,3723,9123,9123
772877495989305348,3516,7839,7839
772826264096874500,2156,7334,7334
772615324260794368,3049,0,0
772581559778025472,1552,5938,5938
772193107915964416,1260,5522,5522
772152991789019136,1029,3487,3487
772117678702071809,669,3455,3455
772114945936949249,429,2517,2517
772102971039580160,843,3658,3658
771908950375665664,1718,5997,5997
771770456517009408,3075,10904,10904
771500966810099713,2378,7571,7571
771380798096281600,4545,9648,9648
771171053431250945,6729,0,0
771136648247640064,2660,8382,8382
771102124360998913,1297,5694,5694
771014301343748096,1500,6291,6291
770787852854652928,1078,4471,4471
770772759874076672,1296,4743,4743
770655142660169732,1631,6713,6713
770414278348247044,1885,5771,5771
770293558247038976,1319,5686,5686
770093767776997377,2755,0,0
770069151037685760,2081,6937,6937
769940425801170949,8629,28517,28517
769695466921623552,1526,5867,5867
769335591808995329,6992,0,0
769212283578875904,1570,4959,4959
768970937022709760,5858,13051,13051
768909767477751808,2378,0,0
768855141948723200,807,3822,3822
768609597686943744,1070,3752,3752
768596291618299904,1167,4616,4616
768554158521745409,5247,0,0
768473857036525572,3094,12447,12447
768193404517830656,3186,9885,9885
767884188863397888,1246,4348,4348
767754930266464257,4857,14541,14541
767500508068192258,2097,6849,6849
767191397493538821,3394,11208,11208
767122157629476866,2574,9287,9287
766793450729734144,1224,4613,4613
766714921925144576,340,2387,2387
766693177336135680,708,3675,3675
766423258543644672,1421,5483,5483
766313316352462849,1686,6184,6184
766078092750233600,2367,0,0
766069199026450432,754,3838,3838
766008592277377025,447,3425,3425
765719909049503744,1948,6593,6593
765669560888528897,1105,4702,4702
765395769549590528,3048,24335,24335
765371061932261376,1956,6506,6506
765222098633691136,3049,10624,10624
764857477905154048,1610,5916,5916
764259802650378240,1350,5478,5478
763956972077010945,48,711,711
763837565564780549,3719,11428,11428
763183847194451968,1317,4904,4904
763167063695355904,2687,0,0
763103485927849985,2058,6724,6724
762699858130116608,3237,11017,11017
762471784394268675,5787,10265,10265
762464539388485633,3727,9373,9373
762316489655476224,1013,4380,4380
762035686371364864,14015,29120,29120
761976711479193600,1776,4909,4909
761750502866649088,3510,0,0
761745352076779520,780,3908,3908
761672994376806400,26084,45098,45098
761599872357261312,1067,3772,3772
761371037149827077,16286,0,0
761334018830917632,1310,4686,4686
761292947749015552,983,4064,4064
761227390836215808,1403,4833,4833
761004547850530816,3159,10339,10339
760893934457552897,871,3470,3470
760656994973933572,1703,6015,6015
760641137271070720,1166,4544,4544
760539183865880579,3254,6887,6887
760521673607086080,1259,3826,3826
760290219849637889,10353,24381,24381
760252756032651264,782,3620,3620
760190180481531904,1609,5223,5223
760153949710192640,27,0,0
759943073749200896,1887,5398,5398
759846353224826880,1766,6111,6111
759793422261743616,1728,5431,5431
759557299618865152,1086,4293,4293
759447681597108224,2215,7671,7671
759446261539934208,446,1520,1520
759197388317847553,1770,5573,5573
759159934323924993,1049,0,0
759099523532779520,3740,13263,13263
759047813560868866,1804,5911,5911
758854675097526272,818,3231,3231
758828659922702336,3463,10190,10190
758740312047005698,1474,5232,5232
758474966123810816,900,3450,3450
758467244762497024,1989,4357,4357
758405701903519748,1720,4754,4754
758355060040593408,941,3057,3057
758099635764359168,8938,17270,17270
758041019896193024,333,2442,2442
757741869644341248,2956,6238,6238
757729163776290825,7062,0,0
757725642876129280,1080,4142,4142
757611664640446465,990,4170,4170
757597904299253760,272,0,0
757596066325864448,938,3964,3964
757400162377592832,6203,13764,13764
757393109802180609,1560,5327,5327
757354760399941633,1275,4102,4102
756998049151549440,1795,5689,5689
756939218950160384,1804,6047,6047
756651752796094464,1165,4551,4551
756526248105566208,3211,9425,9425
756303284449767430,984,3592,3592
756288534030475264,15938,40050,40050
756275833623502848,1374,5815,5815
755955933503782912,2569,6665,6665
755206590534418437,4816,14912,14912
755110668769038337,9969,19247,19247
754874841593970688,7077,0,0
754856583969079297,2265,6288,6288
754747087846248448,464,2349,2349
754482103782404096,1752,4806,4806
754449512966619136,658,3402,3402
754120377874386944,2121,7182,7182
753655901052166144,1952,5315,5315
753420520834629632,3167,7137,7137
753398408988139520,1692,5223,5223
753375668877008896,2080,6919,6919
753298634498793472,5088,0,0
753294487569522689,935,3022,3022
753039830821511168,18723,33695,33695
753026973505581056,854,3557,3557
752932432744185856,6179,11475,11475
752917284578922496,1408,6318,6318
752701944171524096,2566,0,0
752682090207055872,1428,5459,5459
752660715232722944,1399,3975,3975
752568224206688256,2052,4989,4989
752519690950500352,3074,6660,6660
752334515931054080,989,3501,3501
752309394570878976,14638,0,0
752173152931807232,1630,5410,5410
751950017322246144,814,2789,2789
751937170840121344,1174,4717,4717
751830394383790080,1750,5309,5309
751793661361422336,2552,5265,5265
751598357617971201,2759,7220,7220
751583847268179968,991,3977,3977
751538714308972544,1129,4584,4584
751456908746354688,910,2932,2932
751251247299190784,5275,11430,11430
751205363882532864,1638,5734,5734
751132876104687617,1164,4598,4598
750868782890057730,1218,4356,4356
750719632563142656,4492,11936,11936
750506206503038976,1023,4021,4021
750429297815552001,3844,11988,11988
750383411068534784,1018,4137,4137
750381685133418496,25,654,654
750147208377409536,862,2837,2837
750132105863102464,1149,3285,3285
750117059602808832,1183,3950,3950
750101899009982464,760,2779,2779
750086836815486976,479,1968,1968
750071704093859840,2975,7078,7078
750056684286914561,804,2874,2874
750041628174217216,558,2891,2891
750026558547456000,703,2456,2456
750011400160841729,802,2930,2930
749996283729883136,740,2756,2756
749981277374128128,2220,4674,4674
749774190421639168,1179,4235,4235
749417653287129088,1481,5527,5527
749403093750648834,479,2380,2380
749395845976588288,3094,7765,7765
749317047558017024,2005,4953,4953
749075273010798592,1838,5213,5213
749064354620928000,1376,4378,4378
749036806121881602,719,2803,2803
748977405889503236,3063,9745,9745
748932637671223296,2019,5280,5280
748705597323898880,852,2515,2515
748699167502000129,1432,4282,4282
748692773788876800,1207,3847,3847
748575535303884801,1771,5504,5504
748568946752774144,594,1986,1986
748346686624440324,1099,4709,4709
748337862848962560,3660,6905,6905
748324050481647620,667,3363,3363
748307329658011649,640,3349,3349
748220828303695873,6932,12851,12851
747963614829678593,1914,5233,5233
747933425676525569,2307,6013,6013
747885874273214464,858,2652,2652
747844099428986880,663,2553,2553
747816857231626240,1031,4395,4395
747651430853525504,138,1241,1241
747648653817413632,5205,11692,11692
747600769478692864,513,2106,2106
747594051852075008,935,3322,3322
747512671126323200,1449,4986,4986
747461612269887489,916,3491,3491
747439450712596480,1720,4918,4918
747242308580548608,2572,0,0
747219827526344708,1413,4765,4765
747204161125646336,809,3040,3040
747103485104099331,3544,8671,8671
746906459439529985,261,2646,2646
746872823977771008,1889,5431,5431
746818907684614144,1558,4821,4821
746790600704425984,1429,4425,4425
746757706116112384,3483,8607,8607
746726898085036033,1611,5491,5491
746542875601690625,1710,4585,4585
746521445350707200,877,0,0
746507379341139972,971,4260,4260
746369468511756288,1450,5606,5606
746131877086527488,1954,6216,6216
746056683365994496,720,3220,3220
745789745784041472,943,3565,3565
745712589599014916,2074,6327,6327
745433870967832576,2264,6383,6383
745422732645535745,2155,7743,7743
745314880350101504,2441,6444,6444
745074613265149952,3113,7080,7080
745057283344719872,2016,6559,6559
744995568523612160,556,2661,2661
744971049620602880,2395,7125,7125
744709971296780288,1397,5077,5077
744334592493166593,1889,6184,6184
744234799360020481,69163,141325,141325
744223424764059648,320,1491,1491
743980027717509120,981,3778,3778
743895849529389061,858,3302,3302
743835915802583040,1829,0,0
743609206067040256,1238,4055,4055
743595368194129920,5822,16503,16503
743545585370791937,847,3188,3188
743510151680958465,3331,7208,7208
743253157753532416,1098,3826,3826
743222593470234624,1704,5577,5577
743210557239623680,1217,3477,3477
742534281772302336,3212,6404,6404
742528092657332225,1764,3993,3993
742465774154047488,3525,6554,6554
742423170473463808,3351,8831,8831
742385895052087300,1733,6105,6105
742161199639494656,1220,3907,3907
742150209887731712,1368,4583,4583
741793263812808706,1362,4113,4113
741743634094141440,2450,7372,7372
741438259667034112,731,3323,3323
741303864243200000,2854,7910,7910
741099773336379392,4907,8999,8999
741067306818797568,2755,8628,8628
740995100998766593,2413,5672,5672
740711788199743490,839,3065,3065
740699697422163968,693,2568,2568
740676976021798912,6087,16379,16379
740373189193256964,11852,31612,31612
740365076218183684,378,2200,2200
740359016048689152,781,2974,2974
740214038584557568,1754,5996,5996
739979191639244800,5247,17954,17954
739932936087216128,958,3635,3635
739844404073074688,773,3433,3433
739623569819336705,1215,3407,3407
739606147276148736,1469,4844,4844
739544079319588864,18875,35588,35588
739485634323156992,2591,6425,6425
739238157791694849,51668,104281,104281
738891149612572673,6,87,87
738885046782832640,1018,3404,3404
738883359779196928,705,2958,2958
738537504001953792,1363,4581,4581
738402415918125056,730,2926,2926
738184450748633089,1087,3871,3871
738166403467907072,2975,7872,7872
738156290900254721,573,2223,2223
737826014890496000,1570,4696,4696
737800304142471168,3117,8969,8969
737678689543020544,1165,4518,4518
737445876994609152,3982,9222,9222
737322739594330112,716,3242,3242
737310737551491075,6605,13209,13209
736736130620620800,1522,3780,3780
736392552031657984,6512,15936,15936
736365877722001409,1085,3584,3584
736225175608430592,2493,7296,7296
736010884653420544,2652,7078,7078
735991953473572864,1024,3225,3225
735648611367784448,984,3643,3643
735635087207878657,2091,5512,5512
735274964362878976,4440,11767,11767
735256018284875776,791,2994,2994
735137028879360001,861,2820,2820
734912297295085568,463,2474,2474
734787690684657664,5665,11280,11280
734776360183431168,480,2263,2263
734559631394082816,346,1345,1345
733828123016450049,701,3213,3213
733822306246479872,901,3304,3304
733482008106668032,834,2809,2809
733460102733135873,1120,3775,3775
733109485275860992,15219,48056,48056
732732193018155009,473,2170,2170
732726085725589504,779,3199,3199
732585889486888962,701,3274,3274
732375214819057664,2243,7243,7243
732005617171337216,4776,13338,13338
731285275100512256,881,3119,3119
731156023742988288,1117,3457,3457
730924654643314689,1746,5466,5466
730573383004487680,1874,4347,4347
730427201120833536,924,3123,3123
730211855403241472,941,3401,3401
730196704625098752,1666,4325,4325
729854734790754305,992,3617,3617
729838605770891264,334,1558,1558
729823566028484608,1105,3554,3554
729463711119904772,2050,5190,5190
729113531270991872,286,1698,1698
728986383096946689,725,2814,2814
728760639972315136,1509,4173,4173
728751179681943552,604,2467,2467
728653952833728512,928,2988,2988
728409960103686147,1791,4379,4379
728387165835677696,861,3322,3322
728046963732717569,1062,3819,3819
728035342121635841,1479,4049,4049
728015554473250816,971,3685,3685
727685679342333952,559,2654,2654
727644517743104000,1557,5258,5258
727524757080539137,1059,3990,3990
727314416056803329,661,2992,2992
727286334147182592,729,2735,2735
727175381690781696,1214,3494,3494
727155742655025152,1171,3246,3246
726935089318363137,2152,6140,6140
726887082820554753,1343,3449,3449
726828223124897792,896,3204,3204
726224900189511680,1019,3958,3958
725842289046749185,2367,6346,6346
725786712245440512,1223,3741,3741
725729321944506368,1571,4659,4659
725458796924002305,550,1279,1279
724983749226668032,1141,3351,3351
724771698126512129,559,2098,2098
724405726123311104,1481,4744,4744
724049859469295616,1586,3863,3863
724046343203856385,507,2392,2392
724004602748780546,1369,3748,3748
723912936180330496,1101,3495,3495
723688335806480385,2598,6886,6886
723673163800948736,800,2723,2723
723179728551723008,1655,4743,4743
722974582966214656,1401,3687,3687
722613351520608256,1461,4467,4467
721503162398597120,1610,4135,4135
721001180231503872,543,2289,2289
720785406564900865,683,2775,2775
720775346191278080,549,2208,2208
720415127506415616,1329,3695,3695
720389942216527872,2212,5715,5715
720340705894408192,850,2561,2561
720059472081784833,997,3460,3460
720043174954147842,1777,4452,4452
719991154352222208,1565,4373,4373
719704490224398336,1263,4049,4049
719551379208073216,1682,4543,4543
719367763014393856,675,2538,2538
719339463458033665,1096,3984,3984
719332531645071360,830,3095,3095
718971898235854848,957,3123,3123
718939241951195136,1549,4671,4671
718631497683582976,7073,16889,16889
718613305783398402,423,2182,2182
718540630683709445,907,2190,2190
718460005985447936,464,2419,2419
718454725339934721,1351,4394,4394
718246886998687744,436,1706,1706
718234618122661888,891,3465,3465
717841801130979328,537,2220,2220
717790033953034240,966,2567,2567
717537687239008257,1621,5163,5163
717428917016076293,398,1439,1439
717421804990701568,737,2793,2793
717047459982213120,1700,5621,5621
717009362452090881,856,2910,2910
716802964044845056,1027,3861,3861
716791146589110272,1464,8226,8226
716730379797970944,392,1110,1110
716447146686459905,5204,11713,11713
716439118184652801,183,2135,2135
716285507865542656,946,2494,2494
716080869887381504,1674,6072,6072
715928423106027520,771,2857,2857
715758151270801409,1265,3333,3333
715733265223708672,1499,4165,4165
715704790270025728,506,2498,2498
715696743237730304,1138,3489,3489
715680795826982913,1421,3880,3880
715360349751484417,1385,4909,4909
715342466308784130,607,2716,2716
715220193576927233,576,2150,2150
715200624753819648,1648,4629,4629
715009755312439296,1078,3718,3718
714982300363173890,912,3332,3332
714962719905021952,3755,6547,6547
714957620017307648,1259,3717,3717
714631576617938945,871,2938,2938
714606013974974464,812,3266,3266
714485234495041536,992,2395,2395
714258258790387713,660,2736,2736
714251586676113411,747,2947,2947
714214115368108032,782,2072,2072
714141408463036416,1245,3883,3883
713919462244790272,703,2962,2962
713909862279876608,475,1705,1705
713900603437621249,641,2539,2539
713761197720473600,1214,4347,4347
713411074226274305,1158,3992,3992
713177543487135744,2543,6473,6473
713175907180089344,1304,3976,3976
712809025985978368,5957,17096,17096
712717840512598017,4434,11048,11048
712668654853337088,1082,3723,3723
712438159032893441,1387,4767,4767
712309440758808576,24,217,217
712097430750289920,915,3365,3365
712092745624633345,785,2632,2632
712085617388212225,426,2932,2932
712065007010385924,559,2014,2014
711998809858043904,119,0,0
711968124745228288,2047,7212,7212
711743778164514816,886,2547,2547
711732680602345472,3613,7900,7900
711694788429553666,16286,29550,29550
711652651650457602,807,3453,3453
711363825979756544,1001,3239,3239
711306686208872448,661,2972,2972
711008018775851008,547,2660,2660
710997087345876993,1236,4102,4102
710844581445812225,599,2290,2290
710833117892898816,464,2405,2405
710658690886586372,504,2082,2082
710609963652087808,2119,4321,4321
710588934686908417,1661,4083,4083
710296729921429505,657,2139,2139
710283270106132480,470,1932,1932
710272297844797440,1113,4038,4038
710269109699739648,992,2142,2142
710153181850935296,795,2630,2630
710140971284037632,783,2457,2457
710117014656950272,1752,4918,4918
709918798883774466,963,3130,3130
709901256215666688,89,595,595
709852847387627521,1071,3153,3153
709566166965075968,1048,3172,3172
709556954897764353,966,2931,2931
709519240576036864,216,1346,1346
709449600415961088,506,1961,1961
709409458133323776,604,2377,2377
709225125749587968,514,2151,2151
709207347839836162,5084,11185,11185
709198395643068416,574,2205,2205
709179584944730112,590,1817,1817
709158332880297985,358,1825,1825
709042156699303936,1449,4219,4219
708853462201716736,583,1637,1637
708845821941387268,792,2690,2690
708834316713893888,438,1498,1498
708810915978854401,6146,14879,14879
708738143638450176,726,2481,2481
708711088997666817,628,2286,2286
708479650088034305,607,2283,2283
708469915515297792,712,2756,2756
708400866336894977,8896,14334,14334
708356463048204288,1176,3227,3227
708349470027751425,662,2137,2137
708149363256774660,1386,3890,3890
708130923141795840,767,3026,3026
708119489313951744,868,2415,2415
708109389455101952,491,1758,1758
708026248782585858,1714,3975,3975
707995814724026368,988,2790,2790
707983188426153984,2,43,43
707969809498152960,854,2426,2426
707776935007539200,851,2933,2933
707741517457260545,543,2233,2233
707738799544082433,2155,3641,3641
707693576495472641,899,3034,3034
707629649552134146,771,2301,2301
707610948723478529,5596,15228,15228
707420581654872064,611,2018,2018
707411934438625280,531,2066,2066
707387676719185920,1120,3130,3130
707377100785885184,957,2929,2929
707315916783140866,564,2231,2231
707297311098011648,697,2509,2509
707059547140169728,611,2342,2342
707038192327901184,698,1971,1971
707021089608753152,1203,3646,3646
707014260413456384,534,2066,2066
706904523814649856,6992,13136,13136
706901761596989440,507,1845,1845
706681918348251136,876,2950,2950
706644897839910912,959,2294,2294
706593038911545345,567,1935,1935
706538006853918722,1266,3114,3114
706516534877929472,913,2817,2817
706346369204748288,823,3078,3078
706310011488698368,6993,19068,19068
706291001778950144,425,1527,1527
706265994973601792,826,2444,2444
706169069255446529,1976,3517,3517
706166467411222528,1418,4615,4615
706153300320784384,336,1326,1326
705975130514706432,652,2795,2795
705970349788291072,784,2853,2853
705898680587526145,487,2122,2122
705786532653883392,455,1757,1757
705591895322394625,1007,2817,2817
705475953783398401,806,2665,2665
705442520700944385,1430,3967,3967
705428427625635840,1491,3411,3411
705239209544720384,662,2678,2678
705223444686888960,706,2322,2322
705102439679201280,467,1921,1921
705066031337840642,548,1965,1965
704871453724954624,994,3892,3892
704859558691414016,468,2009,2009
704847917308362754,1340,4576,4576
704819833553219584,881,2382,2382
704761120771465216,2572,5963,5963
704499785726889984,878,2579,2579
704491224099647488,68,668,668
704480331685040129,955,3060,3060
704364645503647744,3166,7164,7164
704347321748819968,305,1406,1406
704134088924532736,403,1354,1354
704113298707505153,509,1664,1664
704054845121142784,831,2626,2626
703774238772166656,395,1662,1662
703769065844768768,998,2921,2921
703631701117943808,586,2304,2304
703611486317502464,1347,3440,3440
703425003149250560,1191,3400,3400
703407252292673536,611,2211,2211
703382836347330562,1006,3136,3136
703356393781329922,338,1723,1723
703268521220972544,487,1785,1785
703079050210877440,2737,6640,6640
703041949650034688,11072,23709,23709
702932127499816960,633,2296,2296
702899151802126337,401,1450,1450
702684942141153280,945,2898,2898
702671118226825216,495,1959,1959
702598099714314240,3075,10998,10998
702539513671897089,847,2578,2578
702332542343577600,1359,2853,2853
702321140488925184,930,2937,2937
702276748847800320,682,2224,2224
702217446468493312,1193,4261,4261
701981390485725185,869,3067,3067
701952816642965504,907,3434,3434
701889187134500865,1237,3167,3167
701805642395348998,1479,3051,3051
701601587219795968,410,1881,1881
701570477911896070,815,2506,2506
701545186879471618,533,2386,2386
701214700881756160,4542,10977,10977
700890391244103680,499,1984,1984
700864154249383937,546,2336,2336
700847567345688576,443,2216,2216
700796979434098688,841,2186,2186
700747788515020802,8271,20477,20477
700518061187723268,705,2324,2324
700505138482569216,512,2045,2045
700462010979500032,1597,3686,3686
700167517596164096,636,2357,2357
700151421916807169,590,2000,2000
700143752053182464,2378,6726,6726
700062718104104960,594,2380,2380
700029284593901568,523,1868,1868
700002074055016451,1176,2954,2954
699801817392291840,833,2708,2708
699788877217865730,461,1999,1999
699779630832685056,1083,2441,2441
699775878809702401,530,1767,1767
699691744225525762,4059,9223,9223
699446877801091073,2341,5353,5353
699434518667751424,458,1979,1979
699423671849451520,281,1217,1217
699413908797464576,554,1876,1876
699370870310113280,380,1694,1694
699323444782047232,772,2830,2830
699088579889332224,551,2020,2020
699079609774645248,555,2200,2200
699072405256409088,1060,2638,2638
699060279947165696,1583,3358,3358
699036661657767936,1071,2348,2348
698989035503689728,855,3009,3009
698953797952008193,799,2413,2413
698907974262222848,545,2283,2283
698710712454139905,602,2209,2209
698703483621523456,331,1289,1289
698635131305795584,305,1158,1158
698549713696649216,545,2085,2085
698355670425473025,387,1658,1658
698342080612007937,847,2030,2030
698262614669991936,1748,4281,4281
698195409219559425,5332,15111,15111
698178924120031232,661,2528,2528
697995514407682048,298,1375,1375
697990423684476929,1149,2948,2948
697943111201378304,594,2150,2150
697881462549430272,1031,2721,2721
697630435728322560,487,1556,1556
697616773278015490,902,2826,2826
697596423848730625,1103,2695,2695
697575480820686848,442,1839,1839
697516214579523584,974,1835,1835
697482927769255936,587,2183,2183
697463031882764288,1240,3084,3084
697270446429966336,1679,4248,4248
697259378236399616,878,2951,2951
697255105972801536,1032,2782,2782
697242256848379904,604,2274,2274
696900204696625153,911,2855,2855
696894894812565505,607,2113,2113
696886256886657024,1594,4348,4348
696877980375769088,625,2202,2202
696754882863349760,320,1337,1337
696744641916489729,821,1851,1851
696713835009417216,574,2123,2123
696518437233913856,1533,3550,3550
696490539101908992,120,1106,1106
696488710901260288,903,2261,2261
696405997980676096,1030,2855,2855
696100768806522880,579,1725,1725
695816827381944320,1025,2695,2695
695794761660297217,685,2846,2846
695767669421768709,650,1671,1671
695629776980148225,1849,4093,4093
695446424020918272,1618,4000,4000
695409464418041856,3170,7774,7774
695314793360662529,1270,3270,3270
695095422348574720,533,2402,2402
695074328191332352,969,2551,2551
695064344191721472,517,1450,1450
695051054296211456,706,2372,2372
694925794720792577,803,2432,2432
694905863685980160,815,2467,2467
694669722378485760,12772,32118,32118
694356675654983680,245,1361,1361
694352839993344000,533,1838,1838
694342028726001664,424,1426,1426
694329668942569472,440,1781,1781
694206574471057408,1824,3724,3724
694183373896572928,829,2645,2645
694001791655137281,906,3051,3051
693993230313091072,354,1691,1691
693942351086120961,320,1570,1570
693647888581312512,510,2406,2406
693644216740769793,114,1224,1224
693642232151285760,371,2282,2282
693629975228977152,711,2219,2219
693622659251335168,330,1398,1398
693590843962331137,1739,4529,4529
693582294167244802,219,1489,1489
693486665285931008,553,1596,1596
693280720173801472,1098,3028,3028
693267061318012928,716,2155,2155
693262851218264065,443,2004,2004
693231807727280129,654,2590,2590
693155686491000832,2839,7089,7089
693109034023534592,546,1524,1524
693095443459342336,397,1650,1650
692919143163629568,681,2439,2439
692905862751522816,772,2185,2185
692901601640583168,529,1581,1581
692894228850999298,699,2030,2030
692828166163931137,780,2586,2586
692752401762250755,3226,6117,6117
692568918515392513,1365,3944,3944
692535307825213440,1212,2829,2829
692530551048294401,361,1651,1651
692423280028966913,191,1339,1339
692417313023332352,3064,8412,8412
692187005137076224,731,2276,2276
692158366030913536,708,1922,1922
692142790915014657,349,1476,1476
692041934689402880,1111,3055,3055
692017291282812928,846,2612,2612
691820333922455552,1454,3542,3542
691793053716221953,3745,7298,7298
691756958957883396,869,2540,2540
691675652215414786,454,1757,1757
691483041324204033,490,2138,2138
691459709405118465,997,3636,3636
691444869282295808,734,2372,2372
691416866452082688,6746,17393,17393
691321916024623104,587,2319,2319
691096613310316544,780,2680,2680
691090071332753408,296,1556,1556
690989312272396288,2547,5304,5304
690959652130045952,1091,3226,3226
690938899477221376,1711,3692,3692
690932576555528194,879,2957,2957
690735892932222976,1123,3403,3403
690728923253055490,456,1939,1939
690690673629138944,733,2088,2088
690649993829576704,244,1174,1174
690607260360429569,14,275,275
690597161306841088,536,1737,1737
690400367696297985,394,1702,1702
690374419777196032,754,2895,2895
690360449368465409,775,2387,2387
690348396616552449,457,1337,1337
690248561355657216,362,1496,1496
690021994562220032,910,2523,2523
690015576308211712,648,2242,2242
690005060500217858,1524,3297,3297
689999384604450816,323,1266,1266
689993469801164801,395,1323,1323
689977555533848577,399,1234,1234
689905486972461056,607,2210,2210
689877686181715968,1022,2737,2737
689835978131935233,672,1965,1965
689661964914655233,837,2921,2921
689659372465688576,3410,9287,9287
689623661272240129,570,1994,1994
689599056876867584,4943,10502,10502
689557536375177216,393,1855,1855
689517482558820352,1269,3064,3064
689289219123089408,829,2029,2029
689283819090870273,978,2941,2941
689280876073582592,631,1784,1784
689275259254616065,218,1028,1028
689255633275777024,955,2285,2285
689154315265683456,877,2789,2789
689143371370250240,449,1831,1831
688916208532455424,760,2436,2436
688908934925697024,696,1898,1898
688898160958271489,701,1879,1879
688894073864884227,609,2018,2018
688828561667567616,310,1253,1253
688804835492233216,165,868,868
688789766343622656,591,2004,2004
688547210804498433,611,2339,2339
688519176466644993,647,2100,2100
688385280030670848,4003,8314,8314
688211956440801280,729,2030,2030
688179443353796608,518,1922,1922
688116655151435777,685,2551,2551
688064179421470721,313,1549,1549
687841446767013888,2197,4889,4889
687826841265172480,990,2459,2459
687818504314159109,847,2231,2231
687807801670897665,638,2130,2130
687732144991551489,585,1582,1582
687704180304273409,757,2190,2190
687664829264453632,463,1760,1760
687494652870668288,519,1715,1715
687480748861947905,215,1440,1440
687476254459715584,471,1779,1779
687460506001633280,483,1841,1841
687399393394311168,541,1702,1702
687317306314240000,8172,18193,18193
687312378585812992,1699,3920,3920
687127927494963200,2009,4860,4860
687124485711986689,453,1974,1974
687109925361856513,2194,5247,5247
687102708889812993,854,2113,2113
687096057537363968,544,2025,2025
686947101016735744,2842,7784,7784
686760001961103360,1236,3169,3169
686749460672679938,1292,3131,3131
686730991906516992,1071,3718,3718
686683045143953408,718,2550,2550
686618349602762752,1217,3336,3336
686606069955735556,482,1705,1705
686394059078897668,625,1554,1554
686386521809772549,768,2928,2928
686377065986265092,501,1994,1994
686358356425093120,577,1941,1941
686286779679375361,1486,3626,3626
686050296934563840,647,2025,2025
686035780142297088,101,1035,1035
686034024800862208,1008,2780,2780
686007916130873345,355,2232,2232
686003207160610816,553,1640,1640
685973236358713344,466,1886,1886
685943807276412928,520,1464,1464
685906723014619143,2539,6743,6743
685681090388975616,106,1836,1836
685667379192414208,506,2138,2138
685663452032069632,1308,2912,2912
685641971164143616,687,2644,2644
685547936038666240,13821,29653,29653
685532292383666176,1029,2746,2746
685325112850124800,3510,8464,8464
685321586178670592,570,2392,2392
685315239903100929,926,2957,2957
685307451701334016,384,1870,1870
685268753634967552,1047,2760,2760
685198997565345792,583,2086,2086
685169283572338688,1254,3684,3684
684969860808454144,319,2159,2159
684959798585110529,2755,6151,6151
684940049151070208,918,2884,2884
684926975086034944,409,3123,3123
684914660081053696,1291,3147,3147
684902183876321280,455,1664,1664
684880619965411328,707,1872,1872
684830982659280897,19243,31566,31566
684800227459624960,892,2456,2456
684594889858887680,3106,7985,7985
684588130326986752,1257,3733,3733
684567543613382656,1078,2704,2704
684538444857667585,834,2373,2373
684481074559381504,1049,3480,3480
684460069371654144,490,1775,1775
684241637099323392,2894,7316,7316
684225744407494656,182,1109,1109
684222868335505415,1217,3418,3418
684200372118904832,920,1922,1922
684195085588783105,448,1714,1714
684188786104872960,1020,3126,3126
684177701129875456,579,1818,1818
684147889187209216,1331,2659,2659
684122891630342144,415,1812,1812
684097758874210310,1262,3695,3695
683857920510050305,996,3429,3429
683852578183077888,309,1748,1748
683849932751646720,835,2354,2354
683834909291606017,1000,2355,2355
683828599284170753,955,2526,2526
683773439333797890,1197,2981,2981
683742671509258241,2947,5821,5821
683515932363329536,2566,6663,6663
683498322573824003,856,2848,2848
683481228088049664,884,2386,2386
683462770029932544,606,2174,2174
683449695444799489,1427,3493,3493
683391852557561860,2136,6850,6850
683357973142474752,811,2609,2609
683142553609318400,922,2578,2578
683111407806746624,809,3057,3057
683098815881154561,578,1948,1948
683078886620553216,509,1797,1797
683030066213818368,649,1942,1942
682962037429899265,14594,32932,32932
682808988178739200,149,1582,1582
682788441537560576,1001,2229,2229
682750546109968385,386,1361,1361
682697186228989953,327,1177,1177
682662431982772225,961,2725,2725
682638830361513985,524,1850,1850
682429480204398592,1017,3088,3088
682406705142087680,1555,6767,6767
682393905736888321,580,2008,2008
682389078323662849,418,1492,1492
682303737705140231,871,2755,2755
682259524040966145,1056,3689,3689
682242692827447297,1019,2884,2884
682088079302213632,8694,16355,16355
682059653698686977,1510,4424,4424
682047327939461121,833,2867,2867
682032003584274432,1755,5917,5917
682003177596559360,1338,2783,2783
681981167097122816,903,2523,2523
681891461017812993,730,2202,2202
681694085539872773,3595,11486,11486
681679526984871937,391,1586,1586
681654059175129088,804,2358,2358
681610798867845120,410,1688,1688
681579835668455424,1156,3168,3168
681523177663676416,5088,12860,12860
681340665377193984,246,1473,1473
681339448655802368,3626,8359,8359
681320187870711809,657,2351,2351
681302363064414209,1594,3505,3505
681297372102656000,837,2896,2896
681281657291280384,976,2894,2894
681261549936340994,233,1292,1292
681242418453299201,460,1316,1316
681231109724700672,430,2177,2177
681193455364796417,1302,3318,3318
680970795137544192,573,2159,2159
680959110691590145,1779,4131,4131
680940246314430465,914,2845,2845
680934982542561280,385,1863,1863
680913438424612864,551,2151,2151
680889648562991104,315,1562,1562
680836378243002368,1159,3110,3110
680805554198020098,593,1914,1914
680801747103793152,727,2127,2127
680798457301471234,922,2541,2541
680609293079592961,615,2342,2342
680583894916304897,1168,3220,3220
680497766108381184,1698,3787,3787
680494726643068929,427,1538,1538
680473011644985345,653,2293,2293
680440374763077632,425,1291,1291
680221482581123072,254,1317,1317
680206703334408192,1015,2518,2518
680191257256136705,434,1933,1933
680176173301628928,1362,3460,3460
680161097740095489,650,2090,2090
680145970311643136,1525,3223,3223
680130881361686529,836,2051,2051
680115823365742593,812,2440,2440
680100725817409536,1217,3217,3217
680085611152338944,7983,11489,11489
680070545539371008,760,2327,2327
679877062409191424,568,1729,1729
679872969355714560,584,1958,1958
679862121895714818,538,2186,2186
679854723806179328,1076,2544,2544
679844490799091713,675,2131,2131
679828447187857408,12290,32309,32309
679777920601223168,972,2786,2786
679736210798047232,703,1866,1866
679729593985699840,731,1948,1948
679722016581222400,420,1492,1492
679530280114372609,1842,4268,4268
679527802031484928,642,2356,2356
679511351870550016,1115,2986,2986
679503373272485890,1310,2835,2835
679475951516934144,565,1866,1866
679462823135686656,16694,28713,28713
679405845277462528,1044,2105,2105
679158373988876288,7077,18950,18950
679148763231985668,897,2485,2485
679132435750195208,1012,2618,2618
679111216690831360,2255,5291,5291
679062614270468097,7062,15112,15112
679047485189439488,580,2014,2014
679001094530465792,1071,2535,2535
678991772295516161,995,2016,2016
678969228704284672,404,1456,1456
678800283649069056,799,2295,2295
678798276842360832,1006,3092,3092
678774928607469569,800,2506,2506
678767140346941444,1198,3138,3138
678764513869611008,411,1450,1450
678755239630127104,2876,6349,6349
678740035362037760,1463,3312,3312
678708137298427904,2135,4986,4986
678675843183484930,1289,2536,2536
678643457146150913,351,1821,1821
678446151570427904,1342,3574,3574
678424312106393600,2214,4879,4879
678410210315247616,1579,3734,3734
678399652199309312,27991,71695,71695
678396796259975168,364,1416,1416
678389028614488064,369,1667,1667
678380236862578688,801,2181,2181
678341075375947776,465,1532,1532
678334497360859136,220,1154,1154
678278586130948096,5386,10172,10172
678255464182861824,320,1415,1415
678023323247357953,336,1694,1694
678021115718029313,5503,12051,12051
677961670166224897,1494,3064,3064
677918531514703872,352,1185,1185
677895101218201600,1797,4278,4278
677716515794329600,851,2710,2710
677700003327029250,1257,3033,3033
677698403548192770,279,1086,1086
677687604918272002,733,2206,2206
677673981332312066,1316,2959,2959
677662372920729601,827,1732,1732
677644091929329666,713,1660,1660
677573743309385728,585,1895,1895
677565715327688705,401,1155,1155
677557565589463040,988,2167,2167
677547928504967168,3216,6166,6166
677530072887205888,196,938,938
677335745548390400,1516,2676,2676
677334615166730240,246,1195,1195
677331501395156992,202,961,961
677328882937298944,1308,3250,3250
677314812125323265,458,1460,1460
677301033169788928,348,1082,1082
677269281705472000,624,1755,1755
677228873407442944,1422,3140,3140
677187300187611136,792,2429,2429
676975532580409345,927,2460,2460
676957860086095872,709,1974,1974
676949632774234114,344,1153,1153
676948236477857792,756,1908,1908
676946864479084545,320,1531,1531
676942428000112642,657,1828,1828
676936541936185344,4334,11304,11304
676916996760600576,1585,2633,2633
676897532954456065,627,1991,1991
676864501615042560,611,1835,1835
676821958043033607,13483,20162,20162
676819651066732545,588,1611,1611
676811746707918848,368,1273,1273
676776431406465024,1769,4429,4429
676617503762681856,836,2560,2560
676613908052996102,169,957,957
676606785097199616,381,1675,1675
676603393314578432,332,1017,1017
676593408224403456,1838,4025,4025
676590572941893632,105,813,813
676588346097852417,679,2031,2031
676582956622721024,247,1046,1046
676575501977128964,974,2274,2274
676533798876651520,482,1660,1660
676496375194980353,456,1334,1334
676470639084101634,4087,10319,10319
676440007570247681,576,1528,1528
676430933382295552,298,1226,1226
676263575653122048,471,1836,1836
676237365392908289,240,1054,1054
676219687039057920,27198,69193,69193
676215927814406144,505,1523,1523
676191832485810177,894,1999,1999
676146341966438401,573,1714,1714
676121918416756736,1006,1903,1903
676101918813499392,1033,2526,2526
676098748976615425,1222,2611,2611
676089483918516224,381,1147,1147
675898130735476737,494,1402,1402
675891555769696257,743,1870,1870
675888385639251968,819,2065,2065
675878199931371520,1217,3676,3676
675870721063669760,484,1426,1426
675853064436391936,1111,2369,2369
675849018447167488,122,839,839
675845657354215424,761,1991,1991
675822767435051008,467,1345,1345
675820929667219457,199,931,931
675798442703122432,2990,9094,9094
675781562965868544,412,1417,1417
675740360753160193,288,1031,1031
675710890956750848,704,1634,1634
675707330206547968,586,1745,1745
675706639471788032,82,562,562
675534494439489536,348,1619,1619
675531475945709568,319,1040,1040
675522403582218240,244,910,910
675517828909424640,398,1114,1114
675501075957489664,5105,15114,15114
675497103322386432,1105,2743,2743
675489971617296384,523,1118,1118
675483430902214656,831,1614,1614
675432746517426176,493,1332,1332
675372240448454658,445,1490,1490
675362609739206656,187,916,916
675354435921575936,14638,28921,28921
675349384339542016,1957,3444,3444
675334060156301312,1107,2420,2420
675166823650848770,1351,3098,3098
675153376133427200,2216,5460,5460
675149409102012420,1469,3272,3272
675147105808306176,193,826,826
675146535592706048,248,1036,1036
675145476954566656,762,1869,1869
675135153782571009,403,1134,1134
675113801096802304,675,1695,1695
675111688094527488,209,843,843
675109292475830276,980,2453,2453
675047298674663426,268,907,907
675015141583413248,1008,2352,2352
675006312288268288,194,851,851
675003128568291329,395,1352,1352
674999807681908736,934,1936,1936
674805413498527744,304,732,732
674800520222154752,732,2626,2626
674793399141146624,929,2158,2158
674790488185167872,213,960,960
674788554665512960,180,703,703
674781762103414784,1013,1750,1750
674774481756377088,397,958,958
674767892831932416,680,1588,1588
674764817387900928,197,681,681
674754018082705410,374,1198,1198
674752233200820224,388,1272,1272
674743008475090944,453,1228,1228
674742531037511680,42,420,420
674739953134403584,320,944,944
674737130913071104,79,562,562
674690135443775488,404,1002,1002
674670581682434048,554,1411,1411
674664755118911488,200,794,794
674646392044941312,419,1231,1231
674644256330530816,235,903,903
674638615994089473,499,1480,1480
674632714662858753,491,1313,1313
674606911342424069,85,826,826
674468880899788800,1754,5451,5451
674447403907457024,305,931,931
674436901579923456,336,958,958
674422304705744896,452,1248,1248
674416750885273600,113,587,587
674410619106390016,388,1039,1039
674394782723014656,479,1298,1298
674372068062928900,274,738,738
674330906434379776,64,483,483
674318007229923329,440,1216,1216
674307341513269249,5922,9897,9897
674291837063053312,5038,12840,12840
674271431610523648,629,1358,1358
674269164442398721,199,798,798
674265582246694913,720,1426,1426
674262580978937856,370,1148,1148
674255168825880576,455,1268,1268
674082852460433408,141,656,656
674075285688614912,243,861,861
674063288070742018,1877,5562,5562
674053186244734976,1096,2870,2870
674051556661161984,421,1258,1258
674045139690631169,549,1237,1237
674042553264685056,107,619,619
674038233588723717,359,947,947
674036086168010753,180,739,739
674024893172875264,1057,1547,1547
674019345211760640,257,984,984
674014384960745472,545,1351,1351
674008982932058114,294,1060,1060
673956914389192708,819,1704,1704
673919437611909120,314,1031,1031
673906403526995968,1398,2774,2774
673887867907739649,218,818,818
673716320723169284,660,2700,2700
673715861853720576,1777,3079,3079
673711475735838725,259,917,917
673709992831262724,229,729,729
673708611235921920,250,933,933
673707060090052608,336,964,964
673705679337693185,349,1099,1099
673700254269775872,486,1252,1252
673697980713705472,1661,3417,3417
673689733134946305,557,1496,1496
673688752737402881,425,1094,1094
673686845050527744,365,1247,1247
673680198160809984,398,1194,1194
673662677122719744,318,1097,1097
673656262056419329,192,628,628
673636718965334016,303,966,966
673612854080196609,616,1389,1389
673583129559498752,305,1036,1036
673580926094458881,230,715,715
673576835670777856,475,1197,1197
673363615379013632,263,910,910
673359818736984064,579,1256,1256
673355879178194945,486,1299,1299
673352124999274496,467,1457,1457
673350198937153538,181,662,662
673345638550134785,1081,2171,2171
673343217010679808,231,835,835
673342308415348736,481,1105,1105
673320132811366400,6729,11654,11654
673317986296586240,213,755,755
673295268553605120,2687,6557,6557
673270968295534593,307,920,920
673240798075449344,603,1234,1234
673213039743795200,707,1913,1913
673148804208660480,534,1448,1448
672997845381865473,616,1699,1699
672995267319328768,245,818,818
672988786805112832,252,850,850
672984142909456390,460,1084,1084
672980819271634944,872,1583,1583
672975131468300288,763,1447,1447
672970152493887488,297,808,808
672968025906282496,455,1138,1138
672964561327235073,541,1227,1227
672902681409806336,415,1181,1181
672898206762672129,350,765,765
672884426393653248,718,1334,1334
672877615439593473,295,881,881
672834301050937345,492,1125,1125
672828477930868736,408,1081,1081
672640509974827008,267,845,845
672622327801233409,412,1123,1123
672614745925664768,507,1059,1059
672609152938721280,332,933,933
672604026190569472,332,940,940
672594978741354496,518,1137,1137
672591762242805761,277,818,818
672591271085670400,153,625,625
672538107540070400,309,879,879
672523490734551040,142,536,536
672488522314567680,361,968,968
672482722825261057,511,964,964
672481316919734272,109,624,624
672475084225949696,601,1260,1260
672466075045466113,436,1161,1161
672272411274932228,2872,5595,5595
672267570918129665,523,1277,1277
672264251789176834,280,994,994
672256522047614977,1302,2449,2449
672254177670729728,638,1244,1244
672248013293752320,510,1488,1488
672245253877968896,128,591,591
672239279297454080,270,796,796
672231046314901505,867,1583,1583
672222792075620352,170,689,689
672205392827572224,987,1925,1925
672169685991993344,312,887,887
672160042234327040,299,751,751
672139350159835138,585,1511,1511
672125275208069120,960,2071,2071
672095186491711488,323,852,852
672082170312290304,315,818,818
672068090318987265,437,1111,1111
671896809300709376,3612,7406,7406
671891728106971137,471,1146,1146
671882082306625538,1180,3021,3021
671879137494245376,561,1218,1218
671874878652489728,470,1080,1080
671866342182637568,410,977,977
671855973984772097,362,779,779
671789708968640512,2946,6149,6149
671768281401958400,421,1018,1018
671763349865160704,758,1458,1458
671744970634719232,641,1172,1172
671743150407421952,196,656,656
671735591348891648,644,1257,1257
671729906628341761,3727,7301,7301
671561002136281088,6175,11088,11088
671550332464455680,182,795,795
671547767500775424,489,1185,1185
671544874165002241,876,1699,1699
671542985629241344,474,939,939
671538301157904385,333,820,820
671536543010570240,338,1013,1013
671533943490011136,489,884,884
671528761649688577,209,717,717
671520732782923777,441,1196,1196
671518598289059840,245,819,819
671511350426865664,595,1386,1386
671504605491109889,3060,6079,6079
671497587707535361,375,799,799
671488513339211776,405,863,863
671486386088865792,168,499,499
671485057807351808,190,657,657
671390180817915904,641,1258,1258
671362598324076544,254,956,956
671357843010908160,132,345,345
671355857343524864,102,406,406
671347597085433856,361,811,811
671186162933985280,173,616,616
671182547775299584,278,953,953
671166507850801152,299,759,759
671163268581498880,948,1423,1423
671159727754231808,67,310,310
671154572044468225,184,608,608
671151324042559489,127,568,568
671147085991960577,189,567,567
671141549288370177,561,997,997
671138694582165504,333,798,798
671134062904504320,157,636,636
671122204919246848,2149,3010,3010
671115716440031232,660,1188,1188
671109016219725825,373,979,979
670995969505435648,235,943,943
670842764863651840,7407,21382,21382
670840546554966016,165,512,512
670838202509447168,586,956,956
670833812859932673,108,372,372
670832455012716544,181,627,627
670826280409919488,3435,4750,4750
670823764196741120,157,658,658
670822709593571328,82,535,535
670815497391357952,1284,2710,2710
670811965569282048,226,958,958
670807719151067136,422,1029,1029
670804601705242624,804,1692,1692
670803562457407488,75,296,296
670797304698376195,199,645,645
670792680469889025,234,720,720
670789397210615808,209,569,569
670786190031921152,164,516,516
670783437142401025,323,711,711
670782429121134593,643,1314,1314
670780561024270336,246,687,687
670778058496974848,62,291,291
670764103623966721,364,936,936
670755717859713024,86,386,386
670733412878163972,440,830,830
670727704916926465,311,718,718
670717338665226240,407,1020,1020
670704688707301377,311,677,677
670691627984359425,207,506,506
670679630144274432,235,645,645
670676092097810432,35,211,211
670668383499735048,4220,9201,9201
670474236058800128,626,1309,1309
670468609693655041,77,308,308
670465786746662913,457,841,841
670452855871037440,173,479,479
670449342516494336,559,1057,1057
670444955656130560,1712,5899,5899
670442337873600512,173,569,569
670435821946826752,427,913,913
670434127938719744,551,1237,1237
670433248821026816,98,289,289
670428280563085312,509,1194,1194
670427002554466305,140,451,451
670421925039075328,537,1106,1106
670420569653809152,261,528,528
670417414769758208,280,488,488
670411370698022913,753,1751,1751
670408998013820928,182,476,476
670403879788544000,125,368,368
670385711116361728,169,482,482
670374371102445568,230,656,656
670361874861563904,54,285,285
670338931251150849,95,366,366
670319130621435904,1049,3367,3367
670303360680108032,104,376,376
670290420111441920,245,614,614
670093938074779648,274,889,889
670086499208155136,212,601,601
670079681849372674,1038,1911,1911
670073503555706880,673,1358,1358
670069087419133954,204,528,528
670061506722140161,280,648,648
670055038660800512,276,583,583
670046952931721218,147,561,561
670040295598354432,95,641,641
670037189829525505,233,514,514
670003130994700288,76,284,284
669993076832759809,66,277,277
669972011175813120,130,384,384
669970042633789440,43,262,262
669942763794931712,129,434,434
669926384437997569,80,328,328
669923323644657664,50,198,198
669753178989142016,333,690,690
669749430875258880,55,224,224
669684865554620416,74,438,438
669683899023405056,91,332,332
669682095984410625,111,306,306
669680153564442624,240,572,572
669661792646373376,356,701,701
669625907762618368,1539,3046,3046
669603084620980224,315,831,831
669597912108789760,127,439,439
669583744538451968,783,1294,1294
669573570759163904,117,380,380
669571471778410496,860,1378,1378
669567591774625800,44,199,199
669564461267722241,99,328,328
669393256313184256,60,305,305
669375718304980992,616,1150,1150
669371483794317312,145,425,425
669367896104181761,126,398,398
669363888236994561,197,545,545
669359674819481600,101,321,321
669354382627049472,1071,2326,2326
669353438988365824,221,556,556
669351434509529089,149,370,370
669328503091937280,353,885,885
669327207240699904,98,486,486
669324657376567296,179,430,430
669216679721873412,341,1028,1028
669214165781868544,133,375,375
669203728096960512,398,867,867
669037058363662336,258,561,561
669015743032369152,319,635,635
669006782128353280,204,500,500
669000397445533696,5411,18122,18122
668994913074286592,184,382,382
668992363537309700,287,640,640
668989615043424256,284,582,582
668988183816871936,387,780,780
668986018524233728,133,465,465
668981893510119424,253,466,466
668979806671884288,284,687,687
668975677807423489,490,1130,1130
668967877119254528,18,123,123
668960084974809088,206,600,600
668955713004314625,62,234,234
668932921458302977,48,224,224
668902994700836864,85,271,271
668892474547511297,122,342,342
668872652652679168,258,463,463
668852170888998912,139,399,399
668826086256599040,110,374,374
668815180734689280,217,477,477
668779399630725120,318,618,618
668655139528511488,183,459,459
668645506898350081,449,752,752
668643542311546881,439,760,760
668641109086707712,456,923,923
668636665813057536,426,894,894
668633411083464705,1362,2416,2416
668631377374486528,273,603,603
668627278264475648,95,271,271
668625577880875008,107,322,322
668623201287675904,646,1228,1228
668620235289837568,35,180,180
668614819948453888,265,533,533
668587383441514497,911,1444,1444
668567822092664832,45,203,203
668544745690562560,193,439,439
668542336805281792,178,387,387
668537837512433665,61,220,220
668528771708952576,187,395,395
668507509523615744,86,269,269
668496999348633600,113,349,349
668484198282485761,203,358,358
668480044826800133,125,382,382
668466899341221888,433,750,750
668297328638447616,252,541,541
668291999406125056,26,208,208
668286279830867968,109,427,427
668274247790391296,193,700,700
668268907921326080,204,473,473
668256321989451776,505,1126,1126
668248472370458624,398,813,813
668237644992782336,2368,5315,5315
668226093875376128,84,241,241
668221241640230912,169,442,442
668204964695683073,168,477,477
668190681446379520,169,560,560
668171859951755264,159,414,414
668154635664932864,265,428,428
668142349051129856,233,497,497
668113020489474048,206,564,564
667937095915278337,675,1090,1090
667924896115245057,95,260,260
667915453470232577,46,180,180
667911425562669056,238,421,421
667902449697558528,323,738,738
667886921285246976,896,1616,1616
667885044254572545,388,714,714
667878741721415682,100,340,340
667873844930215936,330,535,535
667866724293877760,877,2642,2642
667861340749471744,68,217,217
667832474953625600,53,246,246
667806454573760512,411,906,906
667801013445750784,80,276,276
667793409583771648,277,591,591
667782464991965184,208,353,353
667773195014021121,44,199,199
667766675769573376,184,367,367
667728196545200128,125,319,319
667724302356258817,261,417,417
667550904950915073,28,0,0
667550882905632768,25,0,0
667549055577362432,1890,4966,4966
667546741521195010,104,299,299
667544320556335104,449,745,745
667538891197542400,57,171,171
667534815156183040,439,702,702
667530908589760512,204,403,403
667524857454854144,950,1465,1465
667517642048163840,163,326,326
667509364010450944,1831,5864,5864
667502640335572993,191,473,473
667495797102141441,227,443,443
667491009379606528,186,447,447
667470559035432960,85,220,220
667455448082227200,53,167,167
667453023279554560,69,277,277
667443425659232256,479,669,669
667437278097252352,198,388,388
667435689202614272,75,263,263
667405339315146752,192,401,401
667393430834667520,50,164,164
667369227918143488,141,323,323
667211855547486208,209,417,417
667200525029539841,224,531,531
667192066997374976,84,322,322
667188689915760640,327,632,632
667182792070062081,5152,12190,12190
667177989038297088,47,158,158
667176164155375616,375,512,512
667174963120574464,69,216,216
667171260800061440,72,184,184
667165590075940865,942,2320,2320
667160273090932737,50,213,213
667152164079423490,14357,41537,41537
667138269671505920,1829,3916,3916
667119796878725120,102,280,280
667090893657276420,104,279,279
667073648344346624,101,342,342
667070482143944705,12,71,71
667065535570550784,39,139,139
667062181243039745,46,190,190
667044094246576128,43,158,158
667012601033924608,183,385,385
666996132027977728,77,208,208
666983947667116034,832,2180,2180
666837028449972224,462,686,686
666835007768551424,63,179,179
666826780179869698,77,215,215
666817836334096384,205,430,430
666804364988780544,79,204,204
666786068205871104,401,646,646
666781792255496192,167,320,320
666776908487630848,146,297,297
666739327293083650,59,203,203
666701168228331520,179,366,366
666691418707132416,41,158,158
666649482315059201,515,975,975
666644823164719104,66,203,203
666454714377183233,174,438,438
666447344410484738,18,87,87
666437273139982337,40,106,106
666435652385423360,41,132,132
666430724426358785,159,269,269
666428276349472768,64,135,135
666421158376562688,90,264,264
666418789513326592,39,101,101
666411507551481857,257,363,363
666407126856765440,30,92,92
666396247373291520,66,146,146
666373753744588802,72,158,158
666362758909284353,462,640,640
666353288456101888,56,170,170
666345417576210432,120,231,231
666337882303524864,78,162,162
666293911632134144,287,417,417
666287406224695296,54,119,119
666273097616637952,66,148,148
666268910803644416,38,97,97
666104133288665088,5359,12517,12517
666102155909144576,11,63,63
666099513787052032,53,132,132
666094000022159362,63,139,139
666082916733198337,37,90,90
666073100786774016,129,272,272
666071193221509120,49,125,125
666063827256086533,178,389,389
666058600524156928,46,97,97
666057090499244032,111,245,245
666055525042405380,193,360,360
666051853826850816,685,1009,1009
666050758794694657,49,111,111
666049248165822465,35,85,85
666044226329800704,113,243,243
666033412701032449,35,98,98
666029285002620928,39,111,111
666020888022790149,416,2225,2225
